<?xml version="1.0" encoding="UTF-8"?>
<!DOCTYPE mapper PUBLIC "-//mybatis.org//DTD Mapper 3.0//EN"
        "http://mybatis.org/dtd/mybatis-3-mapper.dtd">

<mapper namespace="it.svil.demoapi.mapper.DocumentMapper">
    <resultMap id="DocumentDTOMap" type="it.svil.demoapi.model.Document">
        <result property="id" column="id"/>
        <result property="name" column="name"/>
        <result property="documentType" column="document_type"/>
        <result property="creationDate" column="creation_date"/>
        <result property="creator" column="creator"/>
    </resultMap>

    <insert id="insert" parameterType="it.svil.demoapi.model.Document"  useGeneratedKeys="false" keyProperty="id" keyColumn="id"  >
        INSERT INTO DOCUMENT(name, document_type, creator, creation_date)
        VALUES (#{name},#{documentType},#{creator},#{creationDate})
    </insert>

    <select id="findAll" parameterType="map" resultMap="DocumentDTOMap" resultType="java.util.List">
        SELECT * FROM public.document
        ORDER BY "id" ASC
    </select>

    <select id="findById" parameterType="java.lang.Long" resultMap="DocumentDTOMap" resultType="it.svil.demoapi.model.Document">
        SELECT * FROM public.document
        WHERE id = #{id}
    </select>

    <update id="update" parameterType="it.svil.demoapi.model.Document">
        UPDATE DOCUMENT SET name = #{name}, document_type = #{documentType.name}
        WHERE "id" = #{id}
    </update>

    <delete id = "delete" parameterType = "java.lang.Long">
        DELETE from public.document WHERE id = #{id};
    </delete>
</mapper>