<?xml version="1.0" encoding="UTF-8"?>
<!DOCTYPE mapper PUBLIC "-//mybatis.org//DTD Mapper 3.0//EN"
        "http://mybatis.org/dtd/mybatis-3-mapper.dtd">

<mapper namespace="it.svil.demoapi.security.mapper.UserMapper">
    <resultMap id="UserDTOMap" type="it.svil.demoapi.security.model.User">
        <result property="id" column="id"/>
        <result property="email" column="email"/>
        <result property="firstName" column="first_name"/>
        <result property="lastName" column="last_name"/>
        <result property="password" column="password"/>
        <result property="role" column="role"/>
    </resultMap>


    <insert id="insert" parameterType="it.svil.demoapi.security.model.User"  useGeneratedKeys="false" keyProperty="id" keyColumn="id"  >
        INSERT INTO public.users
             (email,first_name,last_name,password,role)
        VALUES
            ( #{email}, #{firstName}, #{lastName}, #{password}, #{role})
    </insert>

    <select id="findByEmail" parameterType="java.lang.String" resultMap="UserDTOMap" resultType="it.svil.demoapi.security.model.User">
        SELECT *
        FROM public.users
        WHERE email = #{email}
    </select>


</mapper>