<?xml version = "1.0" encoding = "UTF-8"?>
<configuration>
    <appender name="CONSOLE" class="ch.qos.logback.core.ConsoleAppender">
        <encoder>
            <pattern>%d{HH:mm:ss.SSS} [%thread] %-5level %logger{36} - %msg%n</pattern>
        </encoder>
    </appender>

    <appender name = "FILE" class = "ch.qos.logback.core.FileAppender">
        <File>myLog.log</File>
        <encoder>
            <pattern>[%d{yyyy-MM-dd'T'HH:mm:ss.SSS'Z'}] [%C] [%t] [%L] [%-5p] %m%n</pattern>
        </encoder>
    </appender>

    <logger name="it.svil" level="DEBUG" additivity="false">
        <appender-ref ref="FILE"/>
    </logger>

    <root level="INFO">
        <appender-ref ref="CONSOLE" />
    </root>

</configuration>